People - 1,https://img.freepik.com/free-vector/little-angry-boy-hands-hips-conduct-disorder-child-psychology-cute-cartoon-character_71593-947.jpg
People - 2,https://img.freepik.com/free-vector/little-boy-pointing-with-index-finger-flat-vector-illustration_71593-566.jpg
People - 3,https://img.freepik.com/free-vector/little-boy-pointing-with-index-finger-flat-vector-illustration_71593-566.jpg
People - 4,https://img.freepik.com/free-vector/little-indian-frightened-girl-intense-emotion-face-psychology-childrens-fears_71593-1148.jpg
People - 5,https://img.freepik.com/free-vector/little-asian-girl-screams-out-loud-clenching-her-hands-into-fists_71593-1029.jpg
People - 6,https://img.freepik.com/free-vector/cute-happy-smiling-child-isolated-white_1308-32243.jpg
People - 7,https://img.freepik.com/free-vector/little-boy-showing-silence-gesture-flat-vector-illustration_71593-567.jpg
People - 8,https://img.freepik.com/free-vector/cute-happy-smiling-child-isolated-white-background_1308-68855.jpg
People - 9,https://img.freepik.com/free-vector/little-girl-smiles-lifts-up-his-eyes-hands-prayer_71593-911.jpg
People - 10,https://img.freepik.com/free-vector/save-planet-illustration-boy-girl-with-watering-can-shovel-planting-seedling_71593-424.jpg
People - 11,https://img.freepik.com/free-vector/cute-girl-with-megaphone-screaming-cartoon-illustration_56104-452.jpg
People - 12,https://img.freepik.com/vector-gratis/nino-laptop-sobre-mesa_1308-51741.jpg
People - 13,https://img.freepik.com/free-vector/group-students-school_52683-43231.jpg
People - 14,https://img.freepik.com/free-vector/cartoon-children-back-school_52683-40882.jpg
People - 15,https://img.freepik.com/free-vector/focused-tiny-people-reading-books_74855-5836.jpg
People - 16,https://img.freepik.com/free-vector/wooden-sign-template-with-boy-planting-tree_1308-4908.jpg
People - 17,https://img.freepik.com/free-vector/children-using-computers_24877-57095.jpg
People - 18,https://img.freepik.com/free-vector/children-using-laptop-communicate-video-conference-with-teacher-friends-room-scene_1308-53091.jpg
People - 19,https://img.freepik.com/free-vector/court-illustrations-set-lawyers-witnesses-judje-police-white-background_613284-3215.jpg
People - 20,https://img.freepik.com/free-vector/boy-using-laptop-computer-distance-learning-online_1308-67075.jpg
People - 21,https://img.freepik.com/free-vector/sticker-template-with-boy-reading-book-cartoon-character-isolated_1308-63169.jpg
People - 22,https://img.freepik.com/free-vector/adorable-little-asian-girl-shouting-megaphone-annoying-toddler-making-noise-with-loudspeaker_71593-1147.jpg
People - 23,https://img.freepik.com/free-vector/angry-father-screaming-crying-son-flat-vector-illustration-dad-punishing-sad-kid-breaking-rules-bad-behavior-parent-having-conflict-with-child-abuse-relationship-concept_74855-23941.jpg
People - 24,https://img.freepik.com/free-vector/cute-girl-angry-cartoon-vector-icon-illustration-people-sign-icon-concept-isolated-premium-vector-flat-cartoon-style_138676-4022.jpg
People - 25,https://img.freepik.com/free-vector/boy-using-computer_1308-27902.jpg
People - 26,https://img.freepik.com/free-vector/young-girls-using-tablet-white-background_1308-77639.jpg
People - 27,https://img.freepik.com/free-vector/outdoor-farm-scene-with-many-muslim-children_1308-61700.jpg
People - 28,https://img.freepik.com/free-vector/banner-with-boy-girl_1308-32521.jpg
People - 29,https://img.freepik.com/free-vector/frame-with-happy-kids-blackboard_1308-32501.jpg
People - 30,https://img.freepik.com/free-vector/boy-girl-school-uniform_1308-36006.jpg
People - 31,https://img.freepik.com/free-vector/group-students-study-together-with-books_107791-11985.jpg
People - 32,https://img.freepik.com/free-vector/simple-coloured-sketches-asian-people_1308-38153.jpg
People - 33,https://img.freepik.com/free-vector/set-happy-multiethnic-preschool-boys-standing-different-action_1150-65467.jpg
People - 34,https://img.freepik.com/free-vector/children-picks-apples-cute-asian-boy-sits-stairs_71593-886.jpg
People - 35,https://img.freepik.com/free-vector/puppy-cute-little-asian-girl-with-yellow-umbrella-happy-school-preschool-kid-her-pet-playing-together-funny-cartoon-character-illustration-isolated-white-background_71593-469.jpg
People - 36,https://img.freepik.com/free-vector/happy-teachers-day-greeting-flat-illustration-smiling-pupils-standing-near-blackboard-classroom-cartoon-character-indian-schoolkids-congratulate-teachers-educational-holiday-celebration_71593-501.jpg
People - 37,https://img.freepik.com/free-vector/children-plant-trees-cute-little-boys-girls-with-spades-watering-cans-concept-ecology-environment_71593-385.jpg
People - 38,https://img.freepik.com/free-vector/teacher-elementary-school-pupil-with-protective-masks-their-faces-flat-illustration-teacher-male-school-boy-standing-blackboard_71593-528.jpg
People - 39,https://img.freepik.com/free-vector/two-little-cute-girls-play-with-ball-kids-playing-outdoors-cartoon-character-children-have-fun-summer-recreation-activity_71593-604.jpg
People - 40,https://img.freepik.com/free-vector/teacher-greeting-pupils-classroom-flat-vector-illustration-boys-girls-dressed-school-uniform-male-teacher-pointing-blackboard-cartoon-characters-primary-students-back-school_71593-508.jpg
People - 41,https://img.freepik.com/free-vector/boy-giving-book-about-animals-girl_3446-487.jpg
People - 42,https://img.freepik.com/free-vector/hand-drawn-colorful-innovation-concept_52683-76158.jpg
People - 43,https://img.freepik.com/free-vector/team-starting-project_74855-4818.jpg
People - 44,https://img.freepik.com/free-vector/flat-tiny-people-communication-concept-partner-discussion-business-projects_513217-77.jpg
People - 45,https://img.freepik.com/free-vector/startup-managers-presenting-analyzing-sales-growth-chart-group-workers-with-heap-cash-rocket-bar-diagrams-with-arrow-heap-money_74855-14166.jpg
People - 46,https://img.freepik.com/free-vector/kid-doing-homework-with-speech-bubble-library_1308-97005.jpg
People - 47,https://img.freepik.com/free-vector/cute-woman-cartoon-character_1308-73388.jpg
People - 48,https://img.freepik.com/free-vector/white-women-collection-different-ages_23-2147845103.jpg
People - 49,https://img.freepik.com/free-vector/happy-man-standing-white-background_1308-71110.jpg
People - 50,https://img.freepik.com/free-vector/salesman-composition-with-flat-design_23-2147873056.jpg
People - 51,https://img.freepik.com/premium-vector/college-student-education-bag-study-academic-campus-book-school_10045-720.jpg
People - 52,https://img.freepik.com/free-vector/smiling-female-high-school-student_10045-789.jpg
People - 53,https://img.freepik.com/free-vector/middle-school-male-student_10045-787.jpg
